-- phpMyAdmin SQL Dump
-- version 4.1.14
-- http://www.phpmyadmin.net
--
-- Servidor: 127.0.0.1
-- Tiempo de generación: 22-01-2017 a las 23:07:43
-- Versión del servidor: 5.6.17
-- Versión de PHP: 5.5.12

SET SQL_MODE = "NO_AUTO_VALUE_ON_ZERO";
SET time_zone = "+00:00";


/*!40101 SET @OLD_CHARACTER_SET_CLIENT=@@CHARACTER_SET_CLIENT */;
/*!40101 SET @OLD_CHARACTER_SET_RESULTS=@@CHARACTER_SET_RESULTS */;
/*!40101 SET @OLD_COLLATION_CONNECTION=@@COLLATION_CONNECTION */;
/*!40101 SET NAMES utf8 */;

--
-- Base de datos: `tecleras_virtuales`
--

-- --------------------------------------------------------

--
-- Estructura de tabla para la tabla `ci_sessions`
--

CREATE TABLE IF NOT EXISTS `ci_sessions` (
  `id` varchar(40) NOT NULL,
  `ip_address` varchar(45) NOT NULL,
  `timestamp` int(10) unsigned NOT NULL DEFAULT '0',
  `data` blob NOT NULL,
  KEY `ci_sessions_timestamp` (`timestamp`)
) ENGINE=InnoDB DEFAULT CHARSET=latin1;

--
-- Volcado de datos para la tabla `ci_sessions`
--

INSERT INTO `ci_sessions` (`id`, `ip_address`, `timestamp`, `data`) VALUES
('4ae242875c98725d3bef5470a6a8ee29bf16de7a', '127.0.0.1', 1485104862, 0x5f5f63695f6c6173745f726567656e65726174657c693a313438353130343739393b),
('d7c62121ef77e57dee1195d17f5b20c25299075d', '127.0.0.1', 1485105240, 0x5f5f63695f6c6173745f726567656e65726174657c693a313438353130353232343b),
('46a4dd27003d6f8f33e211d9d547d633330c3bef', '127.0.0.1', 1485106930, 0x5f5f63695f6c6173745f726567656e65726174657c693a313438353130363835353b),
('f22a79617cbfece6c59478be1a9492d624c5ed51', '127.0.0.1', 1485107357, 0x5f5f63695f6c6173745f726567656e65726174657c693a313438353130373139303b746f6b656e7c733a33323a226336306434326132393730383165633564363739316261633435343434376135223b69735f6c6f677565645f696e7c623a313b69735f61646d696e7c623a303b69645f757365727c733a313a2231223b70726f66696c657c733a313a2231223b6e616d657c733a373a22646f63656e7465223b),
('4153d93a9defc7fac92e13fdbf62b95405a38fd6', '127.0.0.1', 1485107628, 0x5f5f63695f6c6173745f726567656e65726174657c693a313438353130373530323b746f6b656e7c733a33323a226336306434326132393730383165633564363739316261633435343434376135223b69735f6c6f677565645f696e7c623a313b69735f61646d696e7c623a303b69645f757365727c733a313a2231223b70726f66696c657c733a313a2231223b6e616d657c733a373a22646f63656e7465223b),
('d1e18bac2d1c000ea54cb6611464707a7a58d45c', '127.0.0.1', 1485107924, 0x5f5f63695f6c6173745f726567656e65726174657c693a313438353130373932343b746f6b656e7c733a33323a226336306434326132393730383165633564363739316261633435343434376135223b69735f6c6f677565645f696e7c623a313b69735f61646d696e7c623a303b69645f757365727c733a313a2231223b70726f66696c657c733a313a2231223b6e616d657c733a373a22646f63656e7465223b),
('74a77e3af0ad042d5bc1364196b96819e122b0fc', '127.0.0.1', 1485108441, 0x5f5f63695f6c6173745f726567656e65726174657c693a313438353130383232373b746f6b656e7c733a33323a226336306434326132393730383165633564363739316261633435343434376135223b69735f6c6f677565645f696e7c623a313b69735f61646d696e7c623a303b69645f757365727c733a313a2231223b70726f66696c657c733a313a2231223b6e616d657c733a373a22646f63656e7465223b),
('fde1dbba56b3ced8224a0a52c0805756e07a166c', '127.0.0.1', 1485108814, 0x5f5f63695f6c6173745f726567656e65726174657c693a313438353130383533343b746f6b656e7c733a33323a226336306434326132393730383165633564363739316261633435343434376135223b69735f6c6f677565645f696e7c623a313b69735f61646d696e7c623a303b69645f757365727c733a313a2231223b70726f66696c657c733a313a2231223b6e616d657c733a373a22646f63656e7465223b),
('c3c6f5a0af4e3af67b39a0f06d74a097d83d38f4', '127.0.0.1', 1485108856, 0x5f5f63695f6c6173745f726567656e65726174657c693a313438353130383834323b746f6b656e7c733a33323a226336306434326132393730383165633564363739316261633435343434376135223b69735f6c6f677565645f696e7c623a313b69735f61646d696e7c623a303b69645f757365727c733a313a2231223b70726f66696c657c733a313a2231223b6e616d657c733a373a22646f63656e7465223b),
('58bda9a3e9c1c297affc905eb41af57902daa914', '127.0.0.1', 1485110406, 0x5f5f63695f6c6173745f726567656e65726174657c693a313438353131303332353b746f6b656e7c733a33323a226336306434326132393730383165633564363739316261633435343434376135223b69735f6c6f677565645f696e7c623a313b69735f61646d696e7c623a303b69645f757365727c733a313a2231223b70726f66696c657c733a313a2231223b6e616d657c733a373a22646f63656e7465223b),
('7c98559cc1397931d34498b11d4e2eb92b767a64', '127.0.0.1', 1485110831, 0x5f5f63695f6c6173745f726567656e65726174657c693a313438353131303637333b746f6b656e7c733a33323a226336306434326132393730383165633564363739316261633435343434376135223b69735f6c6f677565645f696e7c623a313b69735f61646d696e7c623a303b69645f757365727c733a313a2231223b70726f66696c657c733a313a2231223b6e616d657c733a373a22646f63656e7465223b),
('1646296135a02b7aeaa6eaae0735b032651c9202', '127.0.0.1', 1485111175, 0x5f5f63695f6c6173745f726567656e65726174657c693a313438353131313137353b746f6b656e7c733a33323a226336306434326132393730383165633564363739316261633435343434376135223b69735f6c6f677565645f696e7c623a313b69735f61646d696e7c623a303b69645f757365727c733a313a2231223b70726f66696c657c733a313a2231223b6e616d657c733a373a22646f63656e7465223b),
('999c7a23e9edcc1bef9fb116cc61a4dcb182d10d', '127.0.0.1', 1485111921, 0x5f5f63695f6c6173745f726567656e65726174657c693a313438353131313734303b746f6b656e7c733a33323a226336306434326132393730383165633564363739316261633435343434376135223b69735f6c6f677565645f696e7c623a313b69735f61646d696e7c623a303b69645f757365727c733a313a2231223b70726f66696c657c733a313a2231223b6e616d657c733a373a22646f63656e7465223b),
('8d49b8d942122714f51d10ef9043e7eeaef54a14', '127.0.0.1', 1485112724, 0x5f5f63695f6c6173745f726567656e65726174657c693a313438353131323434393b746f6b656e7c733a33323a226336306434326132393730383165633564363739316261633435343434376135223b69735f6c6f677565645f696e7c623a313b69735f61646d696e7c623a303b69645f757365727c733a313a2231223b70726f66696c657c733a313a2231223b6e616d657c733a373a22646f63656e7465223b),
('010ea1ffddd56deb0f1c71b6613f0c18cef7d642', '127.0.0.1', 1485113338, 0x5f5f63695f6c6173745f726567656e65726174657c693a313438353131333233363b746f6b656e7c733a33323a223734363133663962303039613438373362656530643863626133333939393133223b69735f6c6f677565645f696e7c623a313b69735f61646d696e7c623a303b69645f757365727c733a313a2231223b70726f66696c657c733a313a2232223b6e616d657c733a31303a22657374756469616e7465223b),
('9cde8fe03ca51f408a8af3d747d1137fc204c3ad', '127.0.0.1', 1485113556, 0x5f5f63695f6c6173745f726567656e65726174657c693a313438353131333336383b746f6b656e7c733a33323a226336306434326132393730383165633564363739316261633435343434376135223b69735f6c6f677565645f696e7c623a313b69735f61646d696e7c623a303b69645f757365727c733a313a2231223b70726f66696c657c733a313a2231223b6e616d657c733a373a22646f63656e7465223b),
('de9eaafbab03c40142c1211d826754d055553fce', '127.0.0.1', 1485114433, 0x5f5f63695f6c6173745f726567656e65726174657c693a313438353131343433333b746f6b656e7c733a33323a226336306434326132393730383165633564363739316261633435343434376135223b69735f6c6f677565645f696e7c623a313b69735f61646d696e7c623a303b69645f757365727c733a313a2231223b70726f66696c657c733a313a2231223b6e616d657c733a373a22646f63656e7465223b),
('22abfd1ca9b78961c23690745b89edc7fa2637c7', '127.0.0.1', 1485115260, 0x5f5f63695f6c6173745f726567656e65726174657c693a313438353131343931333b746f6b656e7c733a33323a226336306434326132393730383165633564363739316261633435343434376135223b69735f6c6f677565645f696e7c623a313b69735f61646d696e7c623a303b69645f757365727c733a313a2231223b70726f66696c657c733a313a2231223b6e616d657c733a373a22646f63656e7465223b),
('716afdc0ee19e1e53d8a01d7e0b2779ce9c84e5b', '127.0.0.1', 1485115531, 0x5f5f63695f6c6173745f726567656e65726174657c693a313438353131353236353b746f6b656e7c733a33323a226336306434326132393730383165633564363739316261633435343434376135223b69735f6c6f677565645f696e7c623a313b69735f61646d696e7c623a303b69645f757365727c733a313a2231223b70726f66696c657c733a313a2231223b6e616d657c733a373a22646f63656e7465223b),
('76642954d19aba82bccbe1663a43c04f3008782a', '127.0.0.1', 1485115800, 0x5f5f63695f6c6173745f726567656e65726174657c693a313438353131353636313b746f6b656e7c733a33323a226336306434326132393730383165633564363739316261633435343434376135223b69735f6c6f677565645f696e7c623a313b69735f61646d696e7c623a303b69645f757365727c733a313a2231223b70726f66696c657c733a313a2231223b6e616d657c733a373a22646f63656e7465223b),
('27e12749cfd1a13bb14877e53be8941d5c304b89', '127.0.0.1', 1485116382, 0x5f5f63695f6c6173745f726567656e65726174657c693a313438353131363135373b746f6b656e7c733a33323a226336306434326132393730383165633564363739316261633435343434376135223b69735f6c6f677565645f696e7c623a313b69735f61646d696e7c623a303b69645f757365727c733a313a2231223b70726f66696c657c733a313a2231223b6e616d657c733a373a22646f63656e7465223b),
('2b15fa0a07f5885d2f1c2ccbcc5e61c740bb436b', '127.0.0.1', 1485116251, 0x5f5f63695f6c6173745f726567656e65726174657c693a313438353131363232323b746f6b656e7c733a33323a226132633530316638336332646564633662343033333431373931663835656239223b69735f6c6f677565645f696e7c623a313b69735f61646d696e7c623a303b69645f757365727c733a313a2233223b70726f66696c657c733a313a2232223b6e616d657c733a31373a224e6f6d62726532204170656c6c69646f32223b),
('ceaf5e0dca3c2fba9513879246bded2f23709172', '127.0.0.1', 1485116952, 0x5f5f63695f6c6173745f726567656e65726174657c693a313438353131363437363b746f6b656e7c733a33323a226336306434326132393730383165633564363739316261633435343434376135223b69735f6c6f677565645f696e7c623a313b69735f61646d696e7c623a303b69645f757365727c733a313a2231223b70726f66696c657c733a313a2231223b6e616d657c733a373a22646f63656e7465223b),
('b9b73fc9615b4642f384859caaf2c008a8dec9b4', '127.0.0.1', 1485117280, 0x5f5f63695f6c6173745f726567656e65726174657c693a313438353131373032393b746f6b656e7c733a33323a226336306434326132393730383165633564363739316261633435343434376135223b69735f6c6f677565645f696e7c623a313b69735f61646d696e7c623a303b69645f757365727c733a313a2231223b70726f66696c657c733a313a2231223b6e616d657c733a373a22646f63656e7465223b),
('a39844f80ce93998f263cda4868440f072119f8a', '127.0.0.1', 1485117282, 0x5f5f63695f6c6173745f726567656e65726174657c693a313438353131373035303b746f6b656e7c733a33323a226132633530316638336332646564633662343033333431373931663835656239223b69735f6c6f677565645f696e7c623a313b69735f61646d696e7c623a303b69645f757365727c733a313a2233223b70726f66696c657c733a313a2232223b6e616d657c733a31373a224e6f6d62726532204170656c6c69646f32223b),
('51ff9aafa052e3388fa4c442eebe2c28d1af5f57', '127.0.0.1', 1485117746, 0x5f5f63695f6c6173745f726567656e65726174657c693a313438353131373434353b746f6b656e7c733a33323a226132633530316638336332646564633662343033333431373931663835656239223b69735f6c6f677565645f696e7c623a313b69735f61646d696e7c623a303b69645f757365727c733a313a2233223b70726f66696c657c733a313a2232223b6e616d657c733a31373a224e6f6d62726532204170656c6c69646f32223b),
('99dbee4581abecad8e4f4c9cdef07198f9c6b360', '127.0.0.1', 1485118362, 0x5f5f63695f6c6173745f726567656e65726174657c693a313438353131373734333b746f6b656e7c733a33323a226336306434326132393730383165633564363739316261633435343434376135223b69735f6c6f677565645f696e7c623a313b69735f61646d696e7c623a303b69645f757365727c733a313a2231223b70726f66696c657c733a313a2231223b6e616d657c733a373a22646f63656e7465223b),
('01bc1ade9fda71db1b962d6e6ef4a824130d6a5c', '127.0.0.1', 1485117780, 0x5f5f63695f6c6173745f726567656e65726174657c693a313438353131373735353b746f6b656e7c733a33323a226132633530316638336332646564633662343033333431373931663835656239223b69735f6c6f677565645f696e7c623a313b69735f61646d696e7c623a303b69645f757365727c733a313a2233223b70726f66696c657c733a313a2232223b6e616d657c733a31373a224e6f6d62726532204170656c6c69646f32223b),
('e280dcecb4b5a306ccf62201b165cf44d03cda8b', '127.0.0.1', 1485118398, 0x5f5f63695f6c6173745f726567656e65726174657c693a313438353131383137323b746f6b656e7c733a33323a226132633530316638336332646564633662343033333431373931663835656239223b69735f6c6f677565645f696e7c623a313b69735f61646d696e7c623a303b69645f757365727c733a313a2233223b70726f66696c657c733a313a2232223b6e616d657c733a31373a224e6f6d62726532204170656c6c69646f32223b),
('7d10620a7bb71085c70a43a239963977d130c9dc', '127.0.0.1', 1485118405, 0x5f5f63695f6c6173745f726567656e65726174657c693a313438353131383336363b746f6b656e7c733a33323a226336306434326132393730383165633564363739316261633435343434376135223b69735f6c6f677565645f696e7c623a313b69735f61646d696e7c623a303b69645f757365727c733a313a2231223b70726f66696c657c733a313a2231223b6e616d657c733a373a22646f63656e7465223b);

-- --------------------------------------------------------

--
-- Estructura de tabla para la tabla `tv_asignatura`
--

CREATE TABLE IF NOT EXISTS `tv_asignatura` (
  `ASI_ID` int(11) NOT NULL AUTO_INCREMENT COMMENT 'ID correlativo automático\n',
  `ASI_CODIGO` varchar(10) NOT NULL COMMENT 'Código de la asignatura (ej.: INC201)',
  `ASI_NOMBRE` varchar(45) NOT NULL COMMENT 'Nombre de la asignatura',
  PRIMARY KEY (`ASI_ID`)
) ENGINE=InnoDB  DEFAULT CHARSET=utf8 COMMENT='Tabla de asignaturas. Prefijo: ASI.' AUTO_INCREMENT=4 ;

--
-- Volcado de datos para la tabla `tv_asignatura`
--

INSERT INTO `tv_asignatura` (`ASI_ID`, `ASI_CODIGO`, `ASI_NOMBRE`) VALUES
(1, '100', 'Cálculo'),
(2, '101', 'Álgebra'),
(3, 'INC100', 'Fundamentos de Física');

-- --------------------------------------------------------

--
-- Estructura de tabla para la tabla `tv_asistencia_clase`
--

CREATE TABLE IF NOT EXISTS `tv_asistencia_clase` (
  `AC_ID` int(11) NOT NULL AUTO_INCREMENT COMMENT 'Id correlativo automatico',
  `EST_ID` int(11) NOT NULL COMMENT 'Id estudiante',
  `CLA_ID` int(11) NOT NULL COMMENT 'ID clase',
  PRIMARY KEY (`AC_ID`),
  KEY `fk_TV_ASISTENCIA_CLASE_TV_ESTUDIANTE1_idx` (`EST_ID`),
  KEY `fk_TV_ASISTENCIA_CLASE_TV_CLASE1_idx` (`CLA_ID`)
) ENGINE=InnoDB  DEFAULT CHARSET=utf8 COMMENT='Estudiantes que asisten a una clase. Se crea un registro cuando el estudiante se agrega a una clase.Prefijo: AC' AUTO_INCREMENT=1823408163 ;

--
-- Volcado de datos para la tabla `tv_asistencia_clase`
--

INSERT INTO `tv_asistencia_clase` (`AC_ID`, `EST_ID`, `CLA_ID`) VALUES
(1823408128, 1, 18),
(1823408129, 1, 23),
(1823408130, 1, 24),
(1823408131, 1, 25),
(1823408132, 1, 26),
(1823408133, 1, 27),
(1823408134, 1, 29),
(1823408135, 1, 30),
(1823408136, 1, 31),
(1823408137, 1, 32),
(1823408138, 1, 33),
(1823408139, 1, 34),
(1823408140, 1, 34),
(1823408141, 1, 36),
(1823408142, 1, 37),
(1823408143, 1, 37),
(1823408144, 1, 39),
(1823408145, 1, 43),
(1823408146, 3, 43),
(1823408147, 4, 43),
(1823408148, 4, 43),
(1823408149, 1, 44),
(1823408150, 4, 43),
(1823408151, 4, 43),
(1823408152, 4, 43),
(1823408153, 4, 45),
(1823408154, 4, 45),
(1823408155, 4, 45),
(1823408156, 4, 45),
(1823408157, 1, 46),
(1823408158, 1, 47),
(1823408159, 1, 48),
(1823408160, 1, 60),
(1823408161, 1, 85),
(1823408162, 3, 85);

-- --------------------------------------------------------

--
-- Estructura de tabla para la tabla `tv_clase`
--

CREATE TABLE IF NOT EXISTS `tv_clase` (
  `CLA_ID` int(11) NOT NULL AUTO_INCREMENT COMMENT 'ID correlativo automático de Clase\n',
  `CLA_PASSWORD` varchar(45) NOT NULL COMMENT 'Clave de conexión generada para que alumnos se agreguen a una clase',
  `CLA_FECHA_HORA_INICIO` timestamp NOT NULL DEFAULT CURRENT_TIMESTAMP COMMENT 'Fecha y hora de inicio de la clase',
  `ASI_ID` int(11) NOT NULL COMMENT 'Id asignatra',
  `DOC_ID` int(11) NOT NULL COMMENT 'ID Docente',
  `PR_ID` int(11) NOT NULL DEFAULT '0' COMMENT 'ID de pregunta realizada actualmente',
  PRIMARY KEY (`CLA_ID`),
  KEY `fk_TV_CLASE_TV_PARALELO1_idx` (`ASI_ID`,`DOC_ID`) USING BTREE
) ENGINE=InnoDB  DEFAULT CHARSET=utf8 COMMENT='Clase realizada por el profesor usando el sistema. Creada en CU Realizar Pregunta.\r\nPrefijo_CLA.' AUTO_INCREMENT=87 ;

--
-- Volcado de datos para la tabla `tv_clase`
--

INSERT INTO `tv_clase` (`CLA_ID`, `CLA_PASSWORD`, `CLA_FECHA_HORA_INICIO`, `ASI_ID`, `DOC_ID`, `PR_ID`) VALUES
(18, '220198059', '2015-12-17 21:43:17', 1, 1, 0),
(21, '168861084', '2015-12-17 22:41:24', 1, 1, 0),
(22, '119788574', '2015-12-18 01:02:50', 2, 1, 0),
(23, '33602478', '2016-06-02 21:33:34', 1, 1, 0),
(24, '17496582', '2016-06-03 17:56:05', 1, 1, 0),
(25, '228755738', '2016-06-03 17:58:31', 1, 1, 0),
(26, '214659668', '2016-06-03 18:03:36', 1, 1, 0),
(27, '260194519', '2016-09-23 14:23:43', 1, 1, 0),
(28, '260194519', '2016-09-23 14:24:58', 1, 1, 0),
(29, '256756897', '2016-09-23 14:27:24', 1, 1, 0),
(30, '89295593', '2016-09-30 14:30:39', 1, 1, 0),
(31, '93524414', '2016-09-30 14:41:23', 1, 1, 0),
(32, '201827698', '2016-09-30 14:49:30', 1, 1, 0),
(33, '11912719', '2016-10-03 18:06:12', 1, 1, 0),
(34, '259639771', '2016-10-03 18:08:30', 1, 1, 0),
(35, '121743835', '2016-10-03 18:13:57', 1, 1, 0),
(36, '23535156', '2016-10-04 16:08:06', 1, 1, 0),
(37, '163040772', '2016-10-04 18:00:42', 1, 1, 0),
(38, '274436097', '2016-10-04 18:08:37', 1, 1, 0),
(39, '80828857', '2016-10-04 18:15:55', 1, 1, 0),
(40, '92651367', '2016-10-16 04:27:08', 1, 1, 0),
(41, '82447632', '2016-10-17 17:35:54', 1, 1, 0),
(42, '235767395', '2016-10-17 17:50:02', 1, 1, 0),
(43, '167806152', '2016-10-17 17:52:47', 1, 1, 3),
(44, '261722351', '2016-10-17 18:03:56', 1, 1, 2),
(45, '225454529', '2016-10-17 18:18:55', 1, 1, 2),
(46, '270689270', '2016-10-17 18:21:59', 2, 1, 1),
(47, '186622131', '2016-10-17 18:22:42', 1, 1, 2),
(48, '23771606', '2016-10-17 18:23:51', 2, 1, 3),
(49, '189350403', '2016-11-09 19:31:10', 3, 3, 0),
(50, '154483093', '2016-11-11 16:33:35', 1, 1, 0),
(51, '230438172', '2016-11-11 16:51:33', 1, 1, 0),
(52, '178446411', '2016-11-11 19:19:56', 1, 1, 0),
(53, '215696411', '2016-11-11 21:50:04', 1, 1, 0),
(54, '151800293', '2016-11-13 18:26:09', 1, 1, 0),
(55, '4864685', '2016-11-14 17:38:41', 1, 1, 0),
(56, '86521850', '2016-11-16 20:22:40', 1, 1, 0),
(57, '141769348', '2016-11-30 14:13:42', 1, 1, 0),
(58, '165587158', '2016-11-30 18:52:29', 1, 1, 0),
(59, '239823426', '2017-01-17 14:54:36', 1, 1, 4),
(60, '189141235', '2017-01-17 14:57:51', 1, 1, 4),
(61, '89886719', '2017-01-20 20:15:11', 1, 1, 7),
(62, '33602478', '2017-01-22 07:19:43', 1, 1, 0),
(63, '155219727', '2017-01-22 07:19:50', 1, 1, 0),
(64, 'mr4ixy', '2017-01-22 17:48:53', 1, 1, 0),
(65, 'hvuisg', '2017-01-22 17:49:17', 1, 1, 0),
(66, 'mo7pnf', '2017-01-22 17:51:47', 1, 1, 0),
(67, '9xclgw', '2017-01-22 17:52:12', 1, 1, 0),
(68, '9xclgw', '2017-01-22 17:53:46', 1, 1, 0),
(69, '9xclgw', '2017-01-22 17:53:48', 1, 1, 0),
(70, '9xclgw', '2017-01-22 17:58:44', 1, 1, 0),
(71, '9xclgw', '2017-01-22 18:03:47', 1, 1, 0),
(72, '5kross', '2017-01-22 18:06:39', 1, 1, 0),
(73, 'rfgv4x', '2017-01-22 18:07:20', 1, 1, 0),
(85, '2haymw', '2017-01-22 18:39:03', 2, 1, 4),
(86, 'f0bqay', '2017-01-22 20:21:29', 1, 1, 0);

-- --------------------------------------------------------

--
-- Estructura de tabla para la tabla `tv_docente`
--

CREATE TABLE IF NOT EXISTS `tv_docente` (
  `DOC_ID` int(11) NOT NULL AUTO_INCREMENT COMMENT 'ID correlativo automatico\n',
  `DOC_CORREO` varchar(100) NOT NULL COMMENT 'Correo electronico. Uso como nombre de usuario',
  `DOC_NOMBRE` varchar(45) NOT NULL COMMENT 'Nombre del docente',
  `DOC_PWD` varchar(45) NOT NULL COMMENT 'Contrasena para usuarios de tipo Docente.',
  PRIMARY KEY (`DOC_ID`)
) ENGINE=InnoDB  DEFAULT CHARSET=utf8 COMMENT='Docentes. Solo un docente es el encargado de hacer preguntas de su paralelo.\nPrefijo: DOC' AUTO_INCREMENT=4 ;

--
-- Volcado de datos para la tabla `tv_docente`
--

INSERT INTO `tv_docente` (`DOC_ID`, `DOC_CORREO`, `DOC_NOMBRE`, `DOC_PWD`) VALUES
(1, 'docente', 'docente', '6495bc8d1f3bfb9a4ea88a0b4d8bb5eb5b50f9db'),
(3, 'rene.noel@uv.cl', 'René Nöel', '5210fb841ba037a224af2d4469ea0fb7590739ff');

-- --------------------------------------------------------

--
-- Estructura de tabla para la tabla `tv_estudiante`
--

CREATE TABLE IF NOT EXISTS `tv_estudiante` (
  `EST_ID` int(11) NOT NULL AUTO_INCREMENT COMMENT 'Id correlativo automático',
  `EST_CORREO` varchar(100) NOT NULL COMMENT 'Correo Electrónico del Estudiante. Usado como nombre de usuario.',
  `EST_NOMBRE` varchar(100) NOT NULL COMMENT 'Nombre completo del estudiante',
  `EST_PWD` varchar(45) NOT NULL COMMENT 'Contraseña para usuario de tipo estudiante.',
  PRIMARY KEY (`EST_ID`)
) ENGINE=InnoDB  DEFAULT CHARSET=utf8 COMMENT='Estudiante.Prefijo: EST' AUTO_INCREMENT=5 ;

--
-- Volcado de datos para la tabla `tv_estudiante`
--

INSERT INTO `tv_estudiante` (`EST_ID`, `EST_CORREO`, `EST_NOMBRE`, `EST_PWD`) VALUES
(1, 'estudiante1@alumnos.uv.cl', 'Nombre1 Apellido1', '2828d715390d9754ef0c28bb1c2661557047c6c1'),
(2, 'miguel.gonzalez.93@gmail.com', 'Miguel González Aravena', '22bcc9e68e33c14e53ef6e8943b1480db13670e3'),
(3, 'estudiante2@alumnos.uv.cl', 'Nombre2 Apellido2', '2828d715390d9754ef0c28bb1c2661557047c6c1'),
(4, 'estudiante3@alumnos.uv.cl', 'Estudiante tres', '2828d715390d9754ef0c28bb1c2661557047c6c1');

-- --------------------------------------------------------

--
-- Estructura de tabla para la tabla `tv_pregunta_maestra`
--

CREATE TABLE IF NOT EXISTS `tv_pregunta_maestra` (
  `PM_ID` int(11) NOT NULL AUTO_INCREMENT COMMENT 'ID correlativo automático\n',
  `PM_NOMBRE` varchar(45) NOT NULL COMMENT 'Nombre corto de la pregunta',
  `PM_TEXTO` varchar(2000) NOT NULL COMMENT 'Texto de la pregunta\n',
  `PM_TIPO` varchar(1) NOT NULL COMMENT 'Tipo de la pregunta. Valores posibles: \n1: Alternativas\n2: Dicotómicas\n3: Likert\n',
  `PM_FECHA_CREACION` timestamp NULL DEFAULT CURRENT_TIMESTAMP COMMENT 'Fecha y hora de creación de la pregunta',
  `PM_RUTA_IMAGEN` varchar(45) DEFAULT NULL COMMENT 'Ruta física en disco de la imagen cargada.',
  `PM_RUTA_VIDEO` varchar(45) DEFAULT NULL COMMENT 'Ruta física en disco de la imagen cargada.',
  `PM_EXPLICACION` varchar(2000) NOT NULL COMMENT 'Explicación de respuesta correcta.',
  `PM_RUTA_IMAGEN_EXPLICACION` varchar(45) DEFAULT NULL COMMENT 'Ruta del archivo de image cargado como explicacion',
  PRIMARY KEY (`PM_ID`)
) ENGINE=InnoDB  DEFAULT CHARSET=utf8 COMMENT='Pregunta maestra (Creada en CU Gestionar Pregunta). Prefijo: PM' AUTO_INCREMENT=9 ;

--
-- Volcado de datos para la tabla `tv_pregunta_maestra`
--

INSERT INTO `tv_pregunta_maestra` (`PM_ID`, `PM_NOMBRE`, `PM_TEXTO`, `PM_TIPO`, `PM_FECHA_CREACION`, `PM_RUTA_IMAGEN`, `PM_RUTA_VIDEO`, `PM_EXPLICACION`, `PM_RUTA_IMAGEN_EXPLICACION`) VALUES
(4, 'Lapso de un mes', 'La manera correcta de expresar de acuerdo al sistema internacional de medidas el lapso de 1 mes, por ejemplo agosto, en días es:', '1', '2016-11-09 18:44:51', '', '', '...', ''),
(5, 'Tiempo de demora de un metro', 'El tiempo que demora el metro Valparaíso de Limache a estación Francia es alrededor de 55 minutos, este lapso de tiempo expresado en segundos es:', '1', '2016-11-09 18:47:31', '', '', '...', ''),
(6, 'Conversión de in a cm', '1 in corresponde a 2,54 cm. Calcula aproximadamente a cuántas in³ corresponde 50 cm³:', '1', '2016-11-09 19:21:24', '', '', '...', ''),
(7, 'La velocidad de la luz', 'La velocidad de la luz en el vacío es de 300.000.000 m/s según los convenios internacionales se podría escribir como:', '1', '2016-11-09 19:23:52', '', '', '...', ''),
(8, 'Una cantidad física', 'En ingeniería y ciencias, un cantidad física queda definida si la puedo explicar mediante una definición clara y bien escrita', '1', '2016-11-09 19:24:43', '', '', '...', '');

-- --------------------------------------------------------

--
-- Estructura de tabla para la tabla `tv_pregunta_realizada`
--

CREATE TABLE IF NOT EXISTS `tv_pregunta_realizada` (
  `PR_ID` int(11) NOT NULL AUTO_INCREMENT COMMENT 'ID correlativo automático',
  `PR_HORA_INICIO` timestamp NOT NULL DEFAULT CURRENT_TIMESTAMP COMMENT 'Fecha y hora de realización de a pregunta',
  `PR_HORA_FIN` datetime DEFAULT NULL COMMENT 'Fecha y hora de termino de la pregunta. Se llena cuando el docente da por terminada la pregunta, cuando se acaba el tiempo máximo de respuesta, o cuando todos los estudiates de la clase responden.',
  `PR_TIEMPO_MAX` int(11) DEFAULT NULL COMMENT 'Tiempo máximo de respuesta, en minutos',
  `PM_ID` int(11) NOT NULL COMMENT 'ID Pregunta maestra',
  `CLA_ID` int(11) NOT NULL COMMENT 'ID Clase',
  PRIMARY KEY (`PR_ID`),
  KEY `fk_TV_PREGUNTA_REALIZADA_TV_PREGUNTA_MAESTRA1_idx` (`PM_ID`),
  KEY `fk_TV_PREGUNTA_REALIZADA_TV_CLASE1_idx` (`CLA_ID`)
) ENGINE=InnoDB  DEFAULT CHARSET=utf8 COMMENT='Preguntas realizadas en una clase. Creadas en CU Realizar pregunta.\nPrefijo: PR' AUTO_INCREMENT=49 ;

--
-- Volcado de datos para la tabla `tv_pregunta_realizada`
--

INSERT INTO `tv_pregunta_realizada` (`PR_ID`, `PR_HORA_INICIO`, `PR_HORA_FIN`, `PR_TIEMPO_MAX`, `PM_ID`, `CLA_ID`) VALUES
(1, '2015-12-16 09:50:50', '2015-12-16 09:50:50', 0, 1, 6),
(2, '2015-12-16 15:36:47', '2015-12-16 15:36:47', 0, 1, 8),
(3, '2015-12-16 17:06:04', '2015-12-16 17:06:04', 0, 1, 9),
(4, '2015-12-16 17:55:11', '2015-11-03 13:56:46', 0, 1, 10),
(6, '2015-12-17 22:23:56', NULL, NULL, 1, 19),
(7, '2015-12-17 22:56:16', NULL, NULL, 1, 18),
(8, '2015-12-18 02:09:33', NULL, NULL, 1, 23),
(9, '2015-12-18 02:11:37', NULL, NULL, 2, 24),
(10, '2016-06-02 21:34:19', NULL, NULL, 2, 23),
(11, '2016-06-03 17:56:31', NULL, NULL, 2, 24),
(12, '2016-06-03 17:58:59', NULL, NULL, 1, 25),
(13, '2016-06-03 17:59:14', NULL, NULL, 1, 25),
(14, '2016-06-03 18:04:02', NULL, NULL, 1, 26),
(15, '2016-06-03 18:15:38', NULL, NULL, 1, 26),
(16, '2016-09-30 14:32:23', NULL, NULL, 1, 30),
(17, '2016-09-30 14:42:06', NULL, NULL, 1, 31),
(18, '2016-10-03 18:07:22', NULL, NULL, 1, 33),
(19, '2016-10-03 18:09:58', NULL, NULL, 1, 34),
(20, '2016-10-04 16:10:38', NULL, NULL, 1, 36),
(21, '2016-10-04 18:13:41', NULL, NULL, 1, 37),
(22, '2016-10-04 18:14:18', NULL, NULL, 3, 37),
(23, '2016-10-04 18:17:46', NULL, NULL, 3, 39),
(24, '2016-10-04 18:18:28', NULL, NULL, 3, 39),
(25, '2016-10-04 18:19:13', NULL, NULL, 1, 39),
(26, '2016-10-04 18:19:35', NULL, NULL, 2, 39),
(27, '2016-10-17 17:54:27', NULL, NULL, 1, 43),
(28, '2016-10-17 18:04:15', NULL, NULL, 1, 44),
(29, '2016-10-17 18:06:27', NULL, NULL, 2, 43),
(30, '2016-10-17 18:08:58', NULL, NULL, 3, 43),
(31, '2016-10-17 18:09:54', NULL, NULL, 1, 44),
(32, '2016-10-17 18:10:43', NULL, NULL, 2, 44),
(33, '2016-10-17 18:20:29', NULL, NULL, 2, 45),
(34, '2016-10-17 18:22:21', NULL, NULL, 1, 46),
(35, '2016-10-17 18:22:57', NULL, NULL, 2, 47),
(36, '2016-10-17 18:24:00', NULL, NULL, 1, 48),
(37, '2016-10-17 18:24:27', NULL, NULL, 3, 48),
(38, '2017-01-17 14:56:09', NULL, NULL, 4, 59),
(39, '2017-01-17 15:01:33', NULL, NULL, 4, 60),
(40, '2017-01-20 20:15:30', NULL, NULL, 4, 61),
(41, '2017-01-20 20:24:56', NULL, NULL, 4, 61),
(42, '2017-01-20 20:25:04', NULL, NULL, 4, 61),
(43, '2017-01-22 07:19:11', NULL, NULL, 7, 61),
(44, '2017-01-22 18:40:06', NULL, NULL, 8, 85),
(45, '2017-01-22 19:04:40', NULL, NULL, 5, 85),
(46, '2017-01-22 19:05:21', NULL, NULL, 6, 85),
(47, '2017-01-22 20:25:24', NULL, NULL, 5, 85),
(48, '2017-01-22 20:52:58', NULL, NULL, 4, 85);

-- --------------------------------------------------------

--
-- Estructura de tabla para la tabla `tv_pregunta_respondida`
--

CREATE TABLE IF NOT EXISTS `tv_pregunta_respondida` (
  `PRES_ID` int(11) NOT NULL AUTO_INCREMENT COMMENT 'ID Correlativo automático',
  `PR_ID` int(11) NOT NULL COMMENT 'ID de la pregunta realizada a la que se responde',
  `EST_ID` int(11) NOT NULL COMMENT 'Estudiante que responde',
  `RES_ID` int(11) DEFAULT NULL COMMENT 'Id de la respuesta seleccionada.\nPuede ser nulo para preguntas tipo Likert',
  `PRES_LIKERT` varchar(1) DEFAULT NULL COMMENT 'Respuesta para una pregunta tipo Likert. Valores posibles:\n1: Muy en desacuerdo\n2: …',
  PRIMARY KEY (`PRES_ID`),
  KEY `fk_TV_PREGUNTA_RESPONDIDA_TV_PREGUNTA_REALIZADA1_idx` (`PR_ID`),
  KEY `fk_TV_PREGUNTA_RESPONDIDA_TV_ESTUDIANTE1_idx` (`EST_ID`),
  KEY `fk_TV_PREGUNTA_RESPONDIDA_TV_RESPUESTAS1_idx` (`RES_ID`)
) ENGINE=InnoDB  DEFAULT CHARSET=utf8 COMMENT='Respuestas dadas por los estudiantes.\nPrefijo: PRES' AUTO_INCREMENT=22 ;

--
-- Volcado de datos para la tabla `tv_pregunta_respondida`
--

INSERT INTO `tv_pregunta_respondida` (`PRES_ID`, `PR_ID`, `EST_ID`, `RES_ID`, `PRES_LIKERT`) VALUES
(1, 7, 1, 7, NULL),
(2, 7, 2, 4, NULL),
(3, 8, 2, 1, NULL),
(4, 9, 2, 8, NULL),
(5, 21, 1, 4, NULL),
(6, 23, 1, 9, NULL),
(7, 25, 1, 4, NULL),
(8, 26, 1, 8, NULL),
(9, 27, 4, 1, NULL),
(10, 27, 4, 1, NULL),
(11, 27, 4, 4, NULL),
(12, 31, 1, 4, NULL),
(13, 32, 1, 8, NULL),
(14, 33, 4, 8, NULL),
(15, 34, 1, 1, NULL),
(16, 35, 1, 2, NULL),
(17, 36, 1, 5, NULL),
(18, 37, 1, 3, NULL),
(19, 39, 1, 11, NULL),
(20, 47, 3, 14, NULL),
(21, 48, 3, 11, NULL);

-- --------------------------------------------------------

--
-- Estructura de tabla para la tabla `tv_respuestas`
--

CREATE TABLE IF NOT EXISTS `tv_respuestas` (
  `RES_ID` int(11) NOT NULL AUTO_INCREMENT,
  `RES_TEXTO` varchar(2000) NOT NULL,
  `PM_ID` int(11) NOT NULL COMMENT 'ID de la Pregunta Maestra\n',
  `PM_CORRECTA` varchar(45) NOT NULL COMMENT 'Indica si la respuesta es correcta. Valores posibles:\n1: Correcta.\n0: Incorrecta.\n',
  PRIMARY KEY (`RES_ID`),
  KEY `fk_Alternativa_PreguntaMaestra_idx` (`PM_ID`)
) ENGINE=InnoDB  DEFAULT CHARSET=utf8 COMMENT='Respuestas posibles para una Pregunta Maestra. Prefijo: RES' AUTO_INCREMENT=29 ;

--
-- Volcado de datos para la tabla `tv_respuestas`
--

INSERT INTO `tv_respuestas` (`RES_ID`, `RES_TEXTO`, `PM_ID`, `PM_CORRECTA`) VALUES
(10, '31 [día]', 4, '1'),
(11, '31 [días]', 4, '0'),
(12, '31 d', 4, '0'),
(13, '31 día', 4, '0'),
(14, '3300 s', 5, '1'),
(15, '3300[S]', 5, '0'),
(16, '3300 seg.', 5, '0'),
(17, '3300 Seg.', 5, '0'),
(18, '3.05 [in]³', 6, '0'),
(19, '19,7 in³', 6, '0'),
(20, '3,05 [in]³', 6, '0'),
(21, '3,05 in³', 6, '1'),
(22, '3,0 * 10⁸ [m/s]', 7, '0'),
(23, '300 M m/s', 7, '1'),
(24, '3.0 * 10⁸ m/s', 7, '0'),
(25, '300 * 10⁶ m/s', 7, '0'),
(26, 'Verdadero', 8, '0'),
(27, 'Falso', 8, '1'),
(28, '', 8, '0');

--
-- Restricciones para tablas volcadas
--

--
-- Filtros para la tabla `tv_asistencia_clase`
--
ALTER TABLE `tv_asistencia_clase`
  ADD CONSTRAINT `fk_TV_ASISTENCIA_CLASE_TV_CLASE1` FOREIGN KEY (`CLA_ID`) REFERENCES `tv_clase` (`CLA_ID`) ON DELETE NO ACTION ON UPDATE NO ACTION,
  ADD CONSTRAINT `fk_TV_ASISTENCIA_CLASE_TV_ESTUDIANTE1` FOREIGN KEY (`EST_ID`) REFERENCES `tv_estudiante` (`EST_ID`) ON DELETE NO ACTION ON UPDATE NO ACTION;

/*!40101 SET CHARACTER_SET_CLIENT=@OLD_CHARACTER_SET_CLIENT */;
/*!40101 SET CHARACTER_SET_RESULTS=@OLD_CHARACTER_SET_RESULTS */;
/*!40101 SET COLLATION_CONNECTION=@OLD_COLLATION_CONNECTION */;
