-- phpMyAdmin SQL Dump
-- version 4.1.14
-- http://www.phpmyadmin.net
--
-- Servidor: 127.0.0.1
-- Tiempo de generación: 18-12-2015 a las 06:27:52
-- Versión del servidor: 5.6.17
-- Versión de PHP: 5.5.12

SET SQL_MODE = "NO_AUTO_VALUE_ON_ZERO";
SET time_zone = "+00:00";


/*!40101 SET @OLD_CHARACTER_SET_CLIENT=@@CHARACTER_SET_CLIENT */;
/*!40101 SET @OLD_CHARACTER_SET_RESULTS=@@CHARACTER_SET_RESULTS */;
/*!40101 SET @OLD_COLLATION_CONNECTION=@@COLLATION_CONNECTION */;
/*!40101 SET NAMES utf8 */;

--
-- Base de datos: `tecleras`
--

-- --------------------------------------------------------

--
-- Estructura de tabla para la tabla `ci_sessions`
--

CREATE TABLE IF NOT EXISTS `ci_sessions` (
  `id` varchar(40) NOT NULL,
  `ip_address` varchar(45) NOT NULL,
  `timestamp` int(10) unsigned NOT NULL DEFAULT '0',
  `data` blob NOT NULL,
  KEY `ci_sessions_timestamp` (`timestamp`)
) ENGINE=InnoDB DEFAULT CHARSET=latin1;

--
-- Volcado de datos para la tabla `ci_sessions`
--

INSERT INTO `ci_sessions` (`id`, `ip_address`, `timestamp`, `data`) VALUES
('ee8a11056036c5b0822b902a34084d5381ecaa32', '::1', 1450400890, 0x5f5f63695f6c6173745f726567656e65726174657c693a313435303339393233383b746f6b656e7c733a33323a226561373964646533623563616232616166386131663563303338373832326332223b69735f6c6f677565645f696e7c623a313b69735f61646d696e7c623a303b69645f757365727c733a313a2231223b70726f66696c657c733a313a2231223b6e616d657c733a373a22646f63656e7465223b),
('d6efd5a003f655357fcea2cba8b22b963276ca2a', '::1', 1450401206, 0x5f5f63695f6c6173745f726567656e65726174657c693a313435303430303933313b746f6b656e7c733a33323a226561373964646533623563616232616166386131663563303338373832326332223b69735f6c6f677565645f696e7c623a313b69735f61646d696e7c623a303b69645f757365727c733a313a2231223b70726f66696c657c733a313a2231223b6e616d657c733a373a22646f63656e7465223b),
('10a1dfba825d8c45f2f6cc2093533e67665b1d5e', '::1', 1450401824, 0x5f5f63695f6c6173745f726567656e65726174657c693a313435303430313333373b746f6b656e7c733a33323a226561373964646533623563616232616166386131663563303338373832326332223b69735f6c6f677565645f696e7c623a313b69735f61646d696e7c623a303b69645f757365727c733a313a2231223b70726f66696c657c733a313a2231223b6e616d657c733a373a22646f63656e7465223b),
('aa0ef1d86f506cfdac933941225adacd5112288a', '::1', 1450402067, 0x5f5f63695f6c6173745f726567656e65726174657c693a313435303430313832343b746f6b656e7c733a33323a226561373964646533623563616232616166386131663563303338373832326332223b69735f6c6f677565645f696e7c623a313b69735f61646d696e7c623a303b69645f757365727c733a313a2231223b70726f66696c657c733a313a2231223b6e616d657c733a373a22646f63656e7465223b),
('5cb89f3e563289a0ec551ea6acb5c361fefe81a2', '::1', 1450402465, 0x5f5f63695f6c6173745f726567656e65726174657c693a313435303430323336313b746f6b656e7c733a33323a226561373964646533623563616232616166386131663563303338373832326332223b69735f6c6f677565645f696e7c623a313b69735f61646d696e7c623a303b69645f757365727c733a313a2231223b70726f66696c657c733a313a2231223b6e616d657c733a373a22646f63656e7465223b),
('2ff6584ba7f995491054fdd7e284ac83b06f3367', '::1', 1450402921, 0x5f5f63695f6c6173745f726567656e65726174657c693a313435303430323838323b746f6b656e7c733a33323a226561373964646533623563616232616166386131663563303338373832326332223b69735f6c6f677565645f696e7c623a313b69735f61646d696e7c623a303b69645f757365727c733a313a2231223b70726f66696c657c733a313a2231223b6e616d657c733a373a22646f63656e7465223b),
('6ab23ff66dc6e818281dfa64884645bb35a8e684', '::1', 1450403776, 0x5f5f63695f6c6173745f726567656e65726174657c693a313435303430333531353b746f6b656e7c733a33323a226561373964646533623563616232616166386131663563303338373832326332223b69735f6c6f677565645f696e7c623a313b69735f61646d696e7c623a303b69645f757365727c733a313a2231223b70726f66696c657c733a313a2231223b6e616d657c733a373a22646f63656e7465223b),
('c7de8b8da6cac52fe2da219728d9769b3b9a3cf5', '::1', 1450403808, 0x5f5f63695f6c6173745f726567656e65726174657c693a313435303430333630323b746f6b656e7c733a33323a223239626336363966316332636364393464653536356636626431313331646131223b69735f6c6f677565645f696e7c623a313b69735f61646d696e7c623a303b69645f757365727c733a313a2231223b70726f66696c657c733a313a2232223b6e616d657c733a31303a22657374756469616e7465223b),
('bc31c78c360b60662bb00e74e69465b4db04bd2b', '::1', 1450404037, 0x5f5f63695f6c6173745f726567656e65726174657c693a313435303430333931393b746f6b656e7c733a33323a223239626336363966316332636364393464653536356636626431313331646131223b69735f6c6f677565645f696e7c623a313b69735f61646d696e7c623a303b69645f757365727c733a313a2231223b70726f66696c657c733a313a2232223b6e616d657c733a31303a22657374756469616e7465223b),
('9c77487cc0f7f24fe56e3ee77ce68b1482b44913', '::1', 1450404447, 0x5f5f63695f6c6173745f726567656e65726174657c693a313435303430343233343b746f6b656e7c733a33323a223239626336363966316332636364393464653536356636626431313331646131223b69735f6c6f677565645f696e7c623a313b69735f61646d696e7c623a303b69645f757365727c733a313a2231223b70726f66696c657c733a313a2232223b6e616d657c733a31303a22657374756469616e7465223b),
('fef5ac28b23d4d620b7dbabf92acaf26f1907e5d', '::1', 1450404872, 0x5f5f63695f6c6173745f726567656e65726174657c693a313435303430343835333b746f6b656e7c733a33323a223239626336363966316332636364393464653536356636626431313331646131223b69735f6c6f677565645f696e7c623a313b69735f61646d696e7c623a303b69645f757365727c733a313a2231223b70726f66696c657c733a313a2232223b6e616d657c733a31303a22657374756469616e7465223b),
('80938e30bbb43a2d2256a1a46bb1dc8ba13b6ad2', '::1', 1450405314, 0x5f5f63695f6c6173745f726567656e65726174657c693a313435303430353331343b746f6b656e7c733a33323a223239626336363966316332636364393464653536356636626431313331646131223b69735f6c6f677565645f696e7c623a313b69735f61646d696e7c623a303b69645f757365727c733a313a2231223b70726f66696c657c733a313a2232223b6e616d657c733a31303a22657374756469616e7465223b),
('968bafd8b90cb9175412bd15b8b0dde507780ce8', '::1', 1450406116, 0x5f5f63695f6c6173745f726567656e65726174657c693a313435303430353937323b746f6b656e7c733a33323a226561373964646533623563616232616166386131663563303338373832326332223b69735f6c6f677565645f696e7c623a313b69735f61646d696e7c623a303b69645f757365727c733a313a2231223b70726f66696c657c733a313a2231223b6e616d657c733a373a22646f63656e7465223b),
('164de4dac525c0b06d8bb6f2528c4c58a5325d6a', '::1', 1450406087, 0x5f5f63695f6c6173745f726567656e65726174657c693a313435303430363035333b746f6b656e7c733a33323a223737636462323931343462366531623030363866363132353263376439363438223b69735f6c6f677565645f696e7c623a313b69735f61646d696e7c623a303b69645f757365727c733a313a2232223b70726f66696c657c733a313a2232223b6e616d657c733a32343a224d696775656c20476f6e7ac3a16c657a2041726176656e61223b),
('363a06614733ceff7626924c7cd50538c225f878', '::1', 1450406698, 0x5f5f63695f6c6173745f726567656e65726174657c693a313435303430363339383b746f6b656e7c733a33323a226561373964646533623563616232616166386131663563303338373832326332223b69735f6c6f677565645f696e7c623a313b69735f61646d696e7c623a303b69645f757365727c733a313a2231223b70726f66696c657c733a313a2231223b6e616d657c733a373a22646f63656e7465223b),
('161fa3a6aeefd68be0330cc84922f3cd836c696c', '::1', 1450407001, 0x5f5f63695f6c6173745f726567656e65726174657c693a313435303430363730313b746f6b656e7c733a33323a226561373964646533623563616232616166386131663563303338373832326332223b69735f6c6f677565645f696e7c623a313b69735f61646d696e7c623a303b69645f757365727c733a313a2231223b70726f66696c657c733a313a2231223b6e616d657c733a373a22646f63656e7465223b),
('e365bea6e8485de3747562fa195e4d147d7a7740', '::1', 1450407238, 0x5f5f63695f6c6173745f726567656e65726174657c693a313435303430373038323b746f6b656e7c733a33323a226561373964646533623563616232616166386131663563303338373832326332223b69735f6c6f677565645f696e7c623a313b69735f61646d696e7c623a303b69645f757365727c733a313a2231223b70726f66696c657c733a313a2231223b6e616d657c733a373a22646f63656e7465223b),
('6d97cd14f2473e3498c63a90d31b7c77f4193eef', '::1', 1450407861, 0x5f5f63695f6c6173745f726567656e65726174657c693a313435303430373630333b746f6b656e7c733a33323a226561373964646533623563616232616166386131663563303338373832326332223b69735f6c6f677565645f696e7c623a313b69735f61646d696e7c623a303b69645f757365727c733a313a2231223b70726f66696c657c733a313a2231223b6e616d657c733a373a22646f63656e7465223b),
('883b6f6a3e98987b1515ab2ad65e745ba96a272b', '::1', 1450408250, 0x5f5f63695f6c6173745f726567656e65726174657c693a313435303430373935383b746f6b656e7c733a33323a226561373964646533623563616232616166386131663563303338373832326332223b69735f6c6f677565645f696e7c623a313b69735f61646d696e7c623a303b69645f757365727c733a313a2231223b70726f66696c657c733a313a2231223b6e616d657c733a373a22646f63656e7465223b),
('7d480fda53057b1ef422bc3f408fb12cab6dcf92', '::1', 1450408820, 0x5f5f63695f6c6173745f726567656e65726174657c693a313435303430383532393b746f6b656e7c733a33323a226561373964646533623563616232616166386131663563303338373832326332223b69735f6c6f677565645f696e7c623a313b69735f61646d696e7c623a303b69645f757365727c733a313a2231223b70726f66696c657c733a313a2231223b6e616d657c733a373a22646f63656e7465223b),
('af3ac724aff913acb0e84075707a7faa51985016', '::1', 1450408562, 0x5f5f63695f6c6173745f726567656e65726174657c693a313435303430383536323b746f6b656e7c733a33323a223737636462323931343462366531623030363866363132353263376439363438223b69735f6c6f677565645f696e7c623a313b69735f61646d696e7c623a303b69645f757365727c733a313a2232223b70726f66696c657c733a313a2232223b6e616d657c733a32343a224d696775656c20476f6e7ac3a16c657a2041726176656e61223b),
('6c88f9d86e075ecd04536a6db3aea444253c2ddd', '::1', 1450409010, 0x5f5f63695f6c6173745f726567656e65726174657c693a313435303430383930373b746f6b656e7c733a33323a226561373964646533623563616232616166386131663563303338373832326332223b69735f6c6f677565645f696e7c623a313b69735f61646d696e7c623a303b69645f757365727c733a313a2231223b70726f66696c657c733a313a2231223b6e616d657c733a373a22646f63656e7465223b),
('849741abad4ca66e37c9216b3d437eabb6084c4e', '::1', 1450409649, 0x5f5f63695f6c6173745f726567656e65726174657c693a313435303430393335353b746f6b656e7c733a33323a226561373964646533623563616232616166386131663563303338373832326332223b69735f6c6f677565645f696e7c623a313b69735f61646d696e7c623a303b69645f757365727c733a313a2231223b70726f66696c657c733a313a2231223b6e616d657c733a373a22646f63656e7465223b),
('439bce2061b6352ff25b1ae608cd69a897bce41d', '::1', 1450409901, 0x5f5f63695f6c6173745f726567656e65726174657c693a313435303430393637333b746f6b656e7c733a33323a226561373964646533623563616232616166386131663563303338373832326332223b69735f6c6f677565645f696e7c623a313b69735f61646d696e7c623a303b69645f757365727c733a313a2231223b70726f66696c657c733a313a2231223b6e616d657c733a373a22646f63656e7465223b),
('3e70ddf5ffe570263ebe01923c03899e22b350dd', '::1', 1450410039, 0x5f5f63695f6c6173745f726567656e65726174657c693a313435303431303030313b746f6b656e7c733a33323a226561373964646533623563616232616166386131663563303338373832326332223b69735f6c6f677565645f696e7c623a313b69735f61646d696e7c623a303b69645f757365727c733a313a2231223b70726f66696c657c733a313a2231223b6e616d657c733a373a22646f63656e7465223b),
('f5220d05ae2962d3e7fe05e516a167f5d65e95a6', '::1', 1450410626, 0x5f5f63695f6c6173745f726567656e65726174657c693a313435303431303333383b746f6b656e7c733a33323a226561373964646533623563616232616166386131663563303338373832326332223b69735f6c6f677565645f696e7c623a313b69735f61646d696e7c623a303b69645f757365727c733a313a2231223b70726f66696c657c733a313a2231223b6e616d657c733a373a22646f63656e7465223b),
('dadf5df3b7fc7ebe50a01352a1e7d43b7cd64cbe', '::1', 1450410820, 0x5f5f63695f6c6173745f726567656e65726174657c693a313435303431303636373b746f6b656e7c733a33323a226561373964646533623563616232616166386131663563303338373832326332223b69735f6c6f677565645f696e7c623a313b69735f61646d696e7c623a303b69645f757365727c733a313a2231223b70726f66696c657c733a313a2231223b6e616d657c733a373a22646f63656e7465223b),
('ad17794bc5154d593155f1fc51c31c9482a64f1c', '::1', 1450411197, 0x5f5f63695f6c6173745f726567656e65726174657c693a313435303431313031363b746f6b656e7c733a33323a226561373964646533623563616232616166386131663563303338373832326332223b69735f6c6f677565645f696e7c623a313b69735f61646d696e7c623a303b69645f757365727c733a313a2231223b70726f66696c657c733a313a2231223b6e616d657c733a373a22646f63656e7465223b),
('bcbe54a512c713c0e1ceedf475224d57f6dae670', '::1', 1450411642, 0x5f5f63695f6c6173745f726567656e65726174657c693a313435303431313335393b746f6b656e7c733a33323a226561373964646533623563616232616166386131663563303338373832326332223b69735f6c6f677565645f696e7c623a313b69735f61646d696e7c623a303b69645f757365727c733a313a2231223b70726f66696c657c733a313a2231223b6e616d657c733a373a22646f63656e7465223b),
('4f66ec65a161d59d287e6a15eba2defc1848dcac', '::1', 1450411803, 0x5f5f63695f6c6173745f726567656e65726174657c693a313435303431313734363b746f6b656e7c733a33323a226561373964646533623563616232616166386131663563303338373832326332223b69735f6c6f677565645f696e7c623a313b69735f61646d696e7c623a303b69645f757365727c733a313a2231223b70726f66696c657c733a313a2231223b6e616d657c733a373a22646f63656e7465223b),
('de0d78946ad140c66c02629a5d90c0320a4b0ef6', '::1', 1450413486, 0x5f5f63695f6c6173745f726567656e65726174657c693a313435303431333139303b746f6b656e7c733a33323a226561373964646533623563616232616166386131663563303338373832326332223b69735f6c6f677565645f696e7c623a313b69735f61646d696e7c623a303b69645f757365727c733a313a2231223b70726f66696c657c733a313a2231223b6e616d657c733a373a22646f63656e7465223b),
('e981c1deb3fcb510988f0160c62cce2c3bfe7ade', '::1', 1450413847, 0x5f5f63695f6c6173745f726567656e65726174657c693a313435303431333534373b746f6b656e7c733a33323a226561373964646533623563616232616166386131663563303338373832326332223b69735f6c6f677565645f696e7c623a313b69735f61646d696e7c623a303b69645f757365727c733a313a2231223b70726f66696c657c733a313a2231223b6e616d657c733a373a22646f63656e7465223b),
('939c162a91e00ddf4a09f78d209f9824b5af6d90', '::1', 1450414068, 0x5f5f63695f6c6173745f726567656e65726174657c693a313435303431333838333b746f6b656e7c733a33323a226561373964646533623563616232616166386131663563303338373832326332223b69735f6c6f677565645f696e7c623a313b69735f61646d696e7c623a303b69645f757365727c733a313a2231223b70726f66696c657c733a313a2231223b6e616d657c733a373a22646f63656e7465223b),
('a154ec7ef1ecea5c431fe6b17a353b286665d55b', '::1', 1450414444, 0x5f5f63695f6c6173745f726567656e65726174657c693a313435303431343235353b746f6b656e7c733a33323a226561373964646533623563616232616166386131663563303338373832326332223b69735f6c6f677565645f696e7c623a313b69735f61646d696e7c623a303b69645f757365727c733a313a2231223b70726f66696c657c733a313a2231223b6e616d657c733a373a22646f63656e7465223b),
('bf8a0f3ca431600f98f4c7f9067ad6090cbfa2e9', '::1', 1450415442, 0x5f5f63695f6c6173745f726567656e65726174657c693a313435303431353137323b746f6b656e7c733a33323a226561373964646533623563616232616166386131663563303338373832326332223b69735f6c6f677565645f696e7c623a313b69735f61646d696e7c623a303b69645f757365727c733a313a2231223b70726f66696c657c733a313a2231223b6e616d657c733a373a22646f63656e7465223b),
('5f6a0f17891a9f2e481cfd279ba61aaf8fe472f5', '::1', 1450415527, 0x5f5f63695f6c6173745f726567656e65726174657c693a313435303431353431353b746f6b656e7c733a33323a223737636462323931343462366531623030363866363132353263376439363438223b69735f6c6f677565645f696e7c623a313b69735f61646d696e7c623a303b69645f757365727c733a313a2232223b70726f66696c657c733a313a2232223b6e616d657c733a32343a224d696775656c20476f6e7ac3a16c657a2041726176656e61223b),
('22f18590ba4c702cb1e599267b001128935b7fa6', '::1', 1450415540, 0x5f5f63695f6c6173745f726567656e65726174657c693a313435303431353438383b746f6b656e7c733a33323a226561373964646533623563616232616166386131663563303338373832326332223b69735f6c6f677565645f696e7c623a313b69735f61646d696e7c623a303b69645f757365727c733a313a2231223b70726f66696c657c733a313a2231223b6e616d657c733a373a22646f63656e7465223b);

-- --------------------------------------------------------

--
-- Estructura de tabla para la tabla `tv_asignatura`
--

CREATE TABLE IF NOT EXISTS `tv_asignatura` (
  `ASI_ID` int(11) NOT NULL AUTO_INCREMENT COMMENT 'ID correlativo automático\n',
  `ASI_CODIGO` varchar(10) NOT NULL COMMENT 'Código de la asignatura (ej.: INC201)',
  `ASI_NOMBRE` varchar(45) NOT NULL COMMENT 'Nombre de la asignatura',
  PRIMARY KEY (`ASI_ID`)
) ENGINE=InnoDB  DEFAULT CHARSET=utf8 COMMENT='Tabla de asignaturas. Prefijo: ASI.' AUTO_INCREMENT=3 ;

--
-- Volcado de datos para la tabla `tv_asignatura`
--

INSERT INTO `tv_asignatura` (`ASI_ID`, `ASI_CODIGO`, `ASI_NOMBRE`) VALUES
(1, '100', 'Cálculo'),
(2, '101', 'Álgebra');

-- --------------------------------------------------------

--
-- Estructura de tabla para la tabla `tv_asistencia_clase`
--

CREATE TABLE IF NOT EXISTS `tv_asistencia_clase` (
  `AC_ID` int(11) NOT NULL AUTO_INCREMENT COMMENT 'Id correlativo automatico',
  `EST_ID` int(11) NOT NULL COMMENT 'Id estudiante',
  `CLA_ID` int(11) NOT NULL COMMENT 'ID clase',
  PRIMARY KEY (`AC_ID`),
  KEY `fk_TV_ASISTENCIA_CLASE_TV_ESTUDIANTE1_idx` (`EST_ID`),
  KEY `fk_TV_ASISTENCIA_CLASE_TV_CLASE1_idx` (`CLA_ID`)
) ENGINE=InnoDB  DEFAULT CHARSET=utf8 COMMENT='Estudiantes que asisten a una clase. Se crea un registro cuando el estudiante se agrega a una clase.\nPrefijo: AC' AUTO_INCREMENT=1823408129 ;

--
-- Volcado de datos para la tabla `tv_asistencia_clase`
--

INSERT INTO `tv_asistencia_clase` (`AC_ID`, `EST_ID`, `CLA_ID`) VALUES
(1823408128, 1, 18);

-- --------------------------------------------------------

--
-- Estructura de tabla para la tabla `tv_clase`
--

CREATE TABLE IF NOT EXISTS `tv_clase` (
  `CLA_ID` int(11) NOT NULL AUTO_INCREMENT COMMENT 'ID correlativo automático de Clase\n',
  `CLA_PASSWORD` varchar(45) NOT NULL COMMENT 'Clave de conexión generada para que alumnos se agreguen a una clase',
  `CLA_FECHA_HORA_INICIO` datetime NOT NULL DEFAULT CURRENT_TIMESTAMP COMMENT 'Fecha y hora de inicio de la clase',
  `PAR_ID` int(11) NOT NULL COMMENT 'ID paralelo',
  `ASI_ID` int(11) NOT NULL COMMENT 'Id asignatra',
  `DOC_ID` int(11) NOT NULL COMMENT 'ID Docente',
  PRIMARY KEY (`CLA_ID`),
  KEY `fk_TV_CLASE_TV_PARALELO1_idx` (`PAR_ID`,`ASI_ID`,`DOC_ID`)
) ENGINE=InnoDB  DEFAULT CHARSET=utf8 COMMENT='Clase realizada por el profesor usando el sistema. Creada en CU Realizar Pregunta.\nPrefijo_CLA.' AUTO_INCREMENT=25 ;

--
-- Volcado de datos para la tabla `tv_clase`
--

INSERT INTO `tv_clase` (`CLA_ID`, `CLA_PASSWORD`, `CLA_FECHA_HORA_INICIO`, `PAR_ID`, `ASI_ID`, `DOC_ID`) VALUES
(18, '220198059', '2015-12-17 21:43:17', 1, 1, 1),
(21, '168861084', '2015-12-17 22:41:24', 1, 1, 1),
(22, '119788574', '2015-12-18 01:02:50', 2, 2, 1);

-- --------------------------------------------------------

--
-- Estructura de tabla para la tabla `tv_docente`
--

CREATE TABLE IF NOT EXISTS `tv_docente` (
  `DOC_ID` int(11) NOT NULL AUTO_INCREMENT COMMENT 'ID correlativo automatico\n',
  `DOC_CORREO` varchar(100) NOT NULL COMMENT 'Correo electronico. Uso como nombre de usuario',
  `DOC_NOMBRE` varchar(45) NOT NULL COMMENT 'Nombre del docente',
  `DOC_PWD` varchar(45) NOT NULL COMMENT 'Contrasena para usuarios de tipo Docente.',
  PRIMARY KEY (`DOC_ID`)
) ENGINE=InnoDB  DEFAULT CHARSET=utf8 COMMENT='Docentes. Solo un docente es el encargado de hacer preguntas de su paralelo.\nPrefijo: DOC' AUTO_INCREMENT=2 ;

--
-- Volcado de datos para la tabla `tv_docente`
--

INSERT INTO `tv_docente` (`DOC_ID`, `DOC_CORREO`, `DOC_NOMBRE`, `DOC_PWD`) VALUES
(1, 'docente', 'docente', '6495bc8d1f3bfb9a4ea88a0b4d8bb5eb5b50f9db');

-- --------------------------------------------------------

--
-- Estructura de tabla para la tabla `tv_estudiante`
--

CREATE TABLE IF NOT EXISTS `tv_estudiante` (
  `EST_ID` int(11) NOT NULL AUTO_INCREMENT COMMENT 'Id correlativo automático',
  `EST_CORREO` varchar(100) NOT NULL COMMENT 'Correo Electrónico del Estudiante. Usado como nombre de usuario.',
  `EST_NOMBRE` varchar(100) NOT NULL COMMENT 'Nombre completo del estudiante',
  `EST_PWD` varchar(45) NOT NULL COMMENT 'Contraseña para usuario de tipo estudiante.',
  PRIMARY KEY (`EST_ID`)
) ENGINE=InnoDB  DEFAULT CHARSET=utf8 COMMENT='Estudiante.Prefijo: EST' AUTO_INCREMENT=3 ;

--
-- Volcado de datos para la tabla `tv_estudiante`
--

INSERT INTO `tv_estudiante` (`EST_ID`, `EST_CORREO`, `EST_NOMBRE`, `EST_PWD`) VALUES
(1, 'estudiante', 'estudiante', '2828d715390d9754ef0c28bb1c2661557047c6c1'),
(2, 'miguel.gonzalez.93@gmail.com', 'Miguel González Aravena', '22bcc9e68e33c14e53ef6e8943b1480db13670e3');

-- --------------------------------------------------------

--
-- Estructura de tabla para la tabla `tv_paralelo`
--

CREATE TABLE IF NOT EXISTS `tv_paralelo` (
  `PAR_ID` int(11) NOT NULL AUTO_INCREMENT COMMENT 'Id. correlativo automático.',
  `PAR_NUMERO` int(11) NOT NULL COMMENT 'Número del paralelo\n',
  `ASI_ID` int(11) NOT NULL COMMENT 'ID de la asignatura',
  `TV_DOCENTE_DOC_ID` int(11) NOT NULL,
  PRIMARY KEY (`PAR_ID`,`ASI_ID`,`TV_DOCENTE_DOC_ID`),
  KEY `fk_Paralelo_Asignatura1_idx` (`ASI_ID`),
  KEY `fk_TV_PARALELO_TV_DOCENTE1_idx` (`TV_DOCENTE_DOC_ID`)
) ENGINE=InnoDB  DEFAULT CHARSET=utf8 COMMENT='Paralelos de una asignatura. Prefijo: PAR' AUTO_INCREMENT=6 ;

--
-- Volcado de datos para la tabla `tv_paralelo`
--

INSERT INTO `tv_paralelo` (`PAR_ID`, `PAR_NUMERO`, `ASI_ID`, `TV_DOCENTE_DOC_ID`) VALUES
(1, 1, 1, 1),
(2, 1, 2, 1);

-- --------------------------------------------------------

--
-- Estructura de tabla para la tabla `tv_pregunta_maestra`
--

CREATE TABLE IF NOT EXISTS `tv_pregunta_maestra` (
  `PM_ID` int(11) NOT NULL AUTO_INCREMENT COMMENT 'ID correlativo automático\n',
  `PM_NOMBRE` varchar(45) NOT NULL COMMENT 'Nombre corto de la pregunta',
  `PM_TEXTO` varchar(2000) NOT NULL COMMENT 'Texto de la pregunta\n',
  `PM_TIPO` varchar(1) NOT NULL COMMENT 'Tipo de la pregunta. Valores posibles: \n1: Alternativas\n2: Dicotómicas\n3: Likert\n',
  `PM_FECHA_CREACION` datetime DEFAULT CURRENT_TIMESTAMP COMMENT 'Fecha y hora de creación de la pregunta',
  `PM_RUTA_IMAGEN` varchar(45) DEFAULT NULL COMMENT 'Ruta física en disco de la imagen cargada.',
  `PM_RUTA_VIDEO` varchar(45) DEFAULT NULL COMMENT 'Ruta física en disco de la imagen cargada.',
  `PM_EXPLICACION` varchar(2000) NOT NULL COMMENT 'Explicación de respuesta correcta.',
  `PM_RUTA_IMAGEN_EXPLICACION` varchar(45) DEFAULT NULL COMMENT 'Ruta del archivo de image cargado como explicacion',
  `TV_PARALELO_PAR_ID` int(11) NOT NULL,
  `TV_PARALELO_ASI_ID` int(11) NOT NULL,
  `TV_PARALELO_TV_DOCENTE_DOC_ID` int(11) NOT NULL,
  PRIMARY KEY (`PM_ID`),
  KEY `fk_TV_PREGUNTA_MAESTRA_TV_PARALELO1_idx` (`TV_PARALELO_PAR_ID`,`TV_PARALELO_ASI_ID`,`TV_PARALELO_TV_DOCENTE_DOC_ID`)
) ENGINE=InnoDB  DEFAULT CHARSET=utf8 COMMENT='Pregunta maestra (Creada en CU Gestionar Pregunta). Prefijo: PM' AUTO_INCREMENT=4 ;

--
-- Volcado de datos para la tabla `tv_pregunta_maestra`
--

INSERT INTO `tv_pregunta_maestra` (`PM_ID`, `PM_NOMBRE`, `PM_TEXTO`, `PM_TIPO`, `PM_FECHA_CREACION`, `PM_RUTA_IMAGEN`, `PM_RUTA_VIDEO`, `PM_EXPLICACION`, `PM_RUTA_IMAGEN_EXPLICACION`, `TV_PARALELO_PAR_ID`, `TV_PARALELO_ASI_ID`, `TV_PARALELO_TV_DOCENTE_DOC_ID`) VALUES
(1, 'Primera pregunta', '¿Pregunta?', '1', '2015-12-16 00:00:00', '', '', '¿Acaso soy una verdadera pregunta?', '', 1, 1, 1),
(2, 'Segunda pregunta', '¿Pregunta dos?', '1', '2015-12-17 00:00:00', '', '', '¿Soy una segunda pregunta?', '', 1, 1, 1),
(3, 'Pregunta test', '¿Pregunta test?', '1', '2015-12-16 00:00:00', '', '', 'Soy un test?', '', 1, 1, 1);

-- --------------------------------------------------------

--
-- Estructura de tabla para la tabla `tv_pregunta_realizada`
--

CREATE TABLE IF NOT EXISTS `tv_pregunta_realizada` (
  `PR_ID` int(11) NOT NULL AUTO_INCREMENT COMMENT 'ID correlativo automático',
  `PR_HORA_INICIO` datetime NOT NULL DEFAULT CURRENT_TIMESTAMP COMMENT 'Fecha y hora de realización de a pregunta',
  `PR_HORA_FIN` datetime DEFAULT NULL COMMENT 'Fecha y hora de termino de la pregunta. Se llena cuando el docente da por terminada la pregunta, cuando se acaba el tiempo máximo de respuesta, o cuando todos los estudiates de la clase responden.',
  `PR_TIEMPO_MAX` int(11) DEFAULT NULL COMMENT 'Tiempo máximo de respuesta, en minutos',
  `PM_ID` int(11) NOT NULL COMMENT 'ID Pregunta maestra',
  `CLA_ID` int(11) NOT NULL COMMENT 'ID Clase',
  PRIMARY KEY (`PR_ID`),
  KEY `fk_TV_PREGUNTA_REALIZADA_TV_PREGUNTA_MAESTRA1_idx` (`PM_ID`),
  KEY `fk_TV_PREGUNTA_REALIZADA_TV_CLASE1_idx` (`CLA_ID`)
) ENGINE=InnoDB  DEFAULT CHARSET=utf8 COMMENT='Preguntas realizadas en una clase. Creadas en CU Realizar pregunta.\nPrefijo: PR' AUTO_INCREMENT=10 ;

--
-- Volcado de datos para la tabla `tv_pregunta_realizada`
--

INSERT INTO `tv_pregunta_realizada` (`PR_ID`, `PR_HORA_INICIO`, `PR_HORA_FIN`, `PR_TIEMPO_MAX`, `PM_ID`, `CLA_ID`) VALUES
(1, '2015-12-16 09:50:50', '2015-12-16 09:50:50', 0, 1, 6),
(2, '2015-12-16 15:36:47', '2015-12-16 15:36:47', 0, 1, 8),
(3, '2015-12-16 17:06:04', '2015-12-16 17:06:04', 0, 1, 9),
(4, '2015-12-16 17:55:11', '2015-11-03 13:56:46', 0, 1, 10),
(6, '2015-12-17 22:23:56', NULL, NULL, 1, 19),
(7, '2015-12-17 22:56:16', NULL, NULL, 1, 18),
(8, '2015-12-18 02:09:33', NULL, NULL, 1, 23),
(9, '2015-12-18 02:11:37', NULL, NULL, 2, 24);

-- --------------------------------------------------------

--
-- Estructura de tabla para la tabla `tv_pregunta_respondida`
--

CREATE TABLE IF NOT EXISTS `tv_pregunta_respondida` (
  `PRES_ID` int(11) NOT NULL AUTO_INCREMENT COMMENT 'ID Correlativo automático',
  `PR_ID` int(11) NOT NULL COMMENT 'ID de la pregunta realizada a la que se responde',
  `EST_ID` int(11) NOT NULL COMMENT 'Estudiante que responde',
  `RES_ID` int(11) DEFAULT NULL COMMENT 'Id de la respuesta seleccionada.\nPuede ser nulo para preguntas tipo Likert',
  `PRES_LIKERT` varchar(1) DEFAULT NULL COMMENT 'Respuesta para una pregunta tipo Likert. Valores posibles:\n1: Muy en desacuerdo\n2: …',
  PRIMARY KEY (`PRES_ID`),
  KEY `fk_TV_PREGUNTA_RESPONDIDA_TV_PREGUNTA_REALIZADA1_idx` (`PR_ID`),
  KEY `fk_TV_PREGUNTA_RESPONDIDA_TV_ESTUDIANTE1_idx` (`EST_ID`),
  KEY `fk_TV_PREGUNTA_RESPONDIDA_TV_RESPUESTAS1_idx` (`RES_ID`)
) ENGINE=InnoDB  DEFAULT CHARSET=utf8 COMMENT='Respuestas dadas por los estudiantes.\nPrefijo: PRES' AUTO_INCREMENT=5 ;

--
-- Volcado de datos para la tabla `tv_pregunta_respondida`
--

INSERT INTO `tv_pregunta_respondida` (`PRES_ID`, `PR_ID`, `EST_ID`, `RES_ID`, `PRES_LIKERT`) VALUES
(1, 7, 1, 7, NULL),
(2, 7, 2, 4, NULL),
(3, 8, 2, 1, NULL),
(4, 9, 2, 8, NULL);

-- --------------------------------------------------------

--
-- Estructura de tabla para la tabla `tv_respuestas`
--

CREATE TABLE IF NOT EXISTS `tv_respuestas` (
  `RES_ID` int(11) NOT NULL AUTO_INCREMENT,
  `RES_TEXTO` varchar(2000) NOT NULL,
  `PM_ID` int(11) NOT NULL COMMENT 'ID de la Pregunta Maestra\n',
  `PM_CORRECTA` varchar(45) NOT NULL COMMENT 'Indica si la respuesta es correcta. Valores posibles:\n1: Correcta.\n0: Incorrecta.\n',
  PRIMARY KEY (`RES_ID`),
  KEY `fk_Alternativa_PreguntaMaestra_idx` (`PM_ID`)
) ENGINE=InnoDB  DEFAULT CHARSET=utf8 COMMENT='Respuestas posibles para una Pregunta Maestra. Prefijo: RES' AUTO_INCREMENT=10 ;

--
-- Volcado de datos para la tabla `tv_respuestas`
--

INSERT INTO `tv_respuestas` (`RES_ID`, `RES_TEXTO`, `PM_ID`, `PM_CORRECTA`) VALUES
(1, 'Primera alternativa', 1, '0'),
(2, 'Primera', 2, '0'),
(3, 'A', 3, '0'),
(4, 'Segunda alternativa', 1, '0'),
(5, 'Tercera alternativa', 1, '0'),
(6, 'Cuarta alternativa', 1, '1'),
(7, 'Quinta alternativa', 1, '0'),
(8, 'Segunda', 2, '1'),
(9, 'B', 3, '1');

--
-- Restricciones para tablas volcadas
--

--
-- Filtros para la tabla `tv_asistencia_clase`
--
ALTER TABLE `tv_asistencia_clase`
  ADD CONSTRAINT `fk_TV_ASISTENCIA_CLASE_TV_ESTUDIANTE1` FOREIGN KEY (`EST_ID`) REFERENCES `tv_estudiante` (`EST_ID`) ON DELETE NO ACTION ON UPDATE NO ACTION,
  ADD CONSTRAINT `fk_TV_ASISTENCIA_CLASE_TV_CLASE1` FOREIGN KEY (`CLA_ID`) REFERENCES `tv_clase` (`CLA_ID`) ON DELETE NO ACTION ON UPDATE NO ACTION;

--
-- Filtros para la tabla `tv_clase`
--
ALTER TABLE `tv_clase`
  ADD CONSTRAINT `fk_TV_CLASE_TV_PARALELO1` FOREIGN KEY (`PAR_ID`, `ASI_ID`, `DOC_ID`) REFERENCES `tv_paralelo` (`PAR_ID`, `ASI_ID`, `TV_DOCENTE_DOC_ID`) ON DELETE NO ACTION ON UPDATE NO ACTION;

--
-- Filtros para la tabla `tv_paralelo`
--
ALTER TABLE `tv_paralelo`
  ADD CONSTRAINT `fk_Paralelo_Asignatura1` FOREIGN KEY (`ASI_ID`) REFERENCES `tv_asignatura` (`ASI_ID`) ON DELETE NO ACTION ON UPDATE NO ACTION,
  ADD CONSTRAINT `fk_TV_PARALELO_TV_DOCENTE1` FOREIGN KEY (`TV_DOCENTE_DOC_ID`) REFERENCES `tv_docente` (`DOC_ID`) ON DELETE NO ACTION ON UPDATE NO ACTION;

--
-- Filtros para la tabla `tv_pregunta_maestra`
--
ALTER TABLE `tv_pregunta_maestra`
  ADD CONSTRAINT `fk_TV_PREGUNTA_MAESTRA_TV_PARALELO1` FOREIGN KEY (`TV_PARALELO_PAR_ID`, `TV_PARALELO_ASI_ID`, `TV_PARALELO_TV_DOCENTE_DOC_ID`) REFERENCES `tv_paralelo` (`PAR_ID`, `ASI_ID`, `TV_DOCENTE_DOC_ID`) ON DELETE NO ACTION ON UPDATE NO ACTION;

/*!40101 SET CHARACTER_SET_CLIENT=@OLD_CHARACTER_SET_CLIENT */;
/*!40101 SET CHARACTER_SET_RESULTS=@OLD_CHARACTER_SET_RESULTS */;
/*!40101 SET COLLATION_CONNECTION=@OLD_COLLATION_CONNECTION */;
